Country,Score,GDP per capita,Social support,Healthy life expectancy,Freedom to make life choices,Generosity,Perceptions of corruption,Year
Finland,7.632,1.305,1.592,0.874,0.681,0.202,0.393,2018
Norway,7.594,1.456,1.582,0.861,0.686,0.286,0.34,2018
Denmark,7.555,1.351,1.59,0.868,0.683,0.284,0.408,2018
Iceland,7.495,1.343,1.644,0.914,0.677,0.353,0.138,2018
Switzerland,7.487,1.42,1.549,0.927,0.66,0.256,0.357,2018
Netherlands,7.441,1.361,1.488,0.878,0.638,0.333,0.295,2018
Canada,7.328,1.33,1.532,0.896,0.653,0.321,0.291,2018
New Zealand,7.324,1.268,1.601,0.876,0.669,0.365,0.389,2018
Sweden,7.314,1.355,1.501,0.913,0.659,0.285,0.383,2018
Australia,7.272,1.34,1.573,0.91,0.647,0.361,0.302,2018
United Kingdom,7.19,1.244,1.433,0.888,0.464,0.262,0.082,2018
Austria,7.139,1.341,1.504,0.891,0.617,0.242,0.224,2018
Costa Rica,7.072,1.01,1.459,0.817,0.632,0.143,0.101,2018
Ireland,6.977,1.448,1.583,0.876,0.614,0.307,0.306,2018
Germany,6.965,1.34,1.474,0.861,0.586,0.273,0.28,2018
Belgium,6.927,1.324,1.483,0.894,0.583,0.188,0.24,2018
Luxembourg,6.91,1.576,1.52,0.896,0.632,0.196,0.321,2018
United States,6.886,1.398,1.471,0.819,0.547,0.291,0.133,2018
Israel,6.814,1.301,1.559,0.883,0.533,0.354,0.272,2018
United Arab Emirates,6.774,2.096,0.776,0.67,0.284,0.186,,2018
Czech Republic,6.711,1.233,1.489,0.854,0.543,0.064,0.034,2018
Malta,6.627,1.27,1.525,0.884,0.645,0.376,0.142,2018
France,6.489,1.293,1.466,0.908,0.52,0.098,0.176,2018
Mexico,6.488,1.038,1.252,0.761,0.479,0.069,0.095,2018
Chile,6.476,1.131,1.331,0.808,0.431,0.197,0.061,2018
Taiwan,6.441,1.365,1.436,0.857,0.418,0.151,0.078,2018
Panama,6.43,1.112,1.438,0.759,0.597,0.125,0.063,2018
Brazil,6.419,0.986,1.474,0.675,0.493,0.11,0.088,2018
Argentina,6.388,1.073,1.468,0.744,0.57,0.062,0.054,2018
Guatemala,6.382,0.781,1.268,0.608,0.604,0.179,0.071,2018
Uruguay,6.379,1.093,1.459,0.771,0.625,0.13,0.155,2018
Qatar,6.374,1.649,1.303,0.748,0.654,0.256,0.171,2018
Saudi Arabia,6.371,1.379,1.331,0.633,0.509,0.098,0.127,2018
Singapore,6.343,1.529,1.451,1.008,0.631,0.261,0.457,2018
Malaysia,6.322,1.161,1.258,0.669,0.356,0.311,0.059,2018
Spain,6.31,1.251,1.538,0.965,0.449,0.142,0.074,2018
Colombia,6.26,0.96,1.439,0.635,0.531,0.099,0.039,2018
Trinidad & Tobago,6.192,1.223,1.492,0.564,0.575,0.171,0.019,2018
Slovakia,6.173,1.21,1.537,0.776,0.354,0.118,0.014,2018
El Salvador,6.167,0.806,1.231,0.639,0.461,0.065,0.082,2018
Nicaragua,6.141,0.668,1.319,0.7,0.527,0.208,0.128,2018
Poland,6.123,1.176,1.448,0.781,0.546,0.108,0.064,2018
Bahrain,6.105,1.338,1.366,0.698,0.594,0.243,0.123,2018
Uzbekistan,6.096,0.719,1.584,0.605,0.724,0.328,0.259,2018
Kuwait,6.083,1.474,1.301,0.675,0.554,0.167,0.106,2018
Thailand,6.072,1.016,1.417,0.707,0.637,0.364,0.029,2018
Italy,6.0,1.264,1.501,0.946,0.281,0.137,0.028,2018
Ecuador,5.973,0.889,1.33,0.736,0.556,0.114,0.12,2018
Belize,5.956,0.807,1.101,0.474,0.593,0.183,0.089,2018
Lithuania,5.952,1.197,1.527,0.716,0.35,0.026,0.006,2018
Slovenia,5.948,1.219,1.506,0.856,0.633,0.16,0.051,2018
Romania,5.945,1.116,1.219,0.726,0.528,0.088,0.001,2018
Latvia,5.933,1.148,1.454,0.671,0.363,0.092,0.066,2018
Japan,5.915,1.294,1.462,0.988,0.553,0.079,0.15,2018
Mauritius,5.891,1.09,1.387,0.684,0.584,0.245,0.05,2018
Jamaica,5.89,0.819,1.493,0.693,0.575,0.096,0.031,2018
South Korea,5.875,1.266,1.204,0.955,0.244,0.175,0.051,2018
Northern Cyprus,5.835,1.229,1.211,0.909,0.495,0.179,0.154,2018
Russia,5.81,1.151,1.479,0.599,0.399,0.065,0.025,2018
Kazakhstan,5.79,1.143,1.516,0.631,0.454,0.148,0.121,2018
Cyprus,5.762,1.229,1.191,0.909,0.423,0.202,0.035,2018
Bolivia,5.752,0.751,1.223,0.508,0.606,0.141,0.054,2018
Estonia,5.739,1.2,1.532,0.737,0.553,0.086,0.174,2018
Paraguay,5.681,0.835,1.522,0.615,0.541,0.162,0.074,2018
Peru,5.663,0.934,1.249,0.674,0.53,0.092,0.034,2018
Kosovo,5.662,0.855,1.23,0.578,0.448,0.274,0.023,2018
Moldova,5.64,0.657,1.301,0.62,0.232,0.171,0.0,2018
Turkmenistan,5.636,1.016,1.533,0.517,0.417,0.199,0.037,2018
Hungary,5.62,1.171,1.401,0.732,0.259,0.061,0.022,2018
Libya,5.566,0.985,1.35,0.553,0.496,0.116,0.148,2018
Philippines,5.524,0.775,1.312,0.513,0.643,0.12,0.105,2018
Honduras,5.504,0.62,1.205,0.622,0.459,0.197,0.074,2018
Belarus,5.483,1.039,1.498,0.7,0.307,0.101,0.154,2018
Turkey,5.483,1.148,1.38,0.686,0.324,0.106,0.109,2018
Pakistan,5.472,0.652,0.81,0.424,0.334,0.216,0.113,2018
Hong Kong,5.43,1.405,1.29,1.03,0.524,0.246,0.291,2018
Portugal,5.41,1.188,1.429,0.884,0.562,0.055,0.017,2018
Serbia,5.398,0.975,1.369,0.685,0.288,0.134,0.043,2018
Greece,5.358,1.154,1.202,0.879,0.131,0.0,0.044,2018
Lebanon,5.358,0.965,1.179,0.785,0.503,0.214,0.136,2018
Montenegro,5.347,1.017,1.279,0.729,0.259,0.111,0.081,2018
Croatia,5.321,1.115,1.161,0.737,0.38,0.12,0.039,2018
Dominican Republic,5.302,0.982,1.441,0.614,0.578,0.12,0.106,2018
Algeria,5.295,0.979,1.154,0.687,0.077,0.055,0.135,2018
Morocco,5.254,0.779,0.797,0.669,0.46,0.026,0.074,2018
China,5.246,0.989,1.142,0.799,0.597,0.029,0.103,2018
Azerbaijan,5.201,1.024,1.161,0.603,0.43,0.031,0.176,2018
Tajikistan,5.199,0.474,1.166,0.598,0.292,0.187,0.034,2018
Macedonia,5.185,0.959,1.239,0.691,0.394,0.173,0.052,2018
Jordan,5.161,0.822,1.265,0.645,0.468,0.13,0.134,2018
Nigeria,5.155,0.689,1.172,0.048,0.462,0.201,0.032,2018
Kyrgyzstan,5.131,0.53,1.416,0.594,0.54,0.281,0.035,2018
Bosnia and Herzegovina,5.129,0.915,1.078,0.758,0.28,0.216,0.0,2018
Mongolia,5.125,0.914,1.517,0.575,0.395,0.253,0.032,2018
Vietnam,5.103,0.715,1.365,0.702,0.618,0.177,0.079,2018
Indonesia,5.093,0.899,1.215,0.522,0.538,0.484,0.018,2018
Bhutan,5.082,0.796,1.335,0.527,0.541,0.364,0.171,2018
Somalia,4.982,0.0,0.712,0.115,0.674,0.238,0.282,2018
Cameroon,4.975,0.535,0.891,0.182,0.454,0.183,0.043,2018
Bulgaria,4.933,1.054,1.515,0.712,0.359,0.064,0.009,2018
Nepal,4.88,0.425,1.228,0.539,0.526,0.302,0.078,2018
Venezuela,4.806,0.996,1.469,0.657,0.133,0.056,0.052,2018
Gabon,4.758,1.036,1.164,0.404,0.356,0.032,0.052,2018
Palestinian Territories,4.743,0.642,1.217,0.602,0.266,0.086,0.076,2018
South Africa,4.724,0.94,1.41,0.33,0.516,0.103,0.056,2018
Iran,4.707,1.059,0.771,0.691,0.459,0.282,0.129,2018
Ivory Coast,4.671,0.541,0.872,0.08,0.467,0.146,0.103,2018
Ghana,4.657,0.592,0.896,0.337,0.499,0.212,0.029,2018
Senegal,4.631,0.429,1.117,0.433,0.406,0.138,0.082,2018
Laos,4.623,0.72,1.034,0.441,0.626,0.23,0.174,2018
Tunisia,4.592,0.9,0.906,0.69,0.271,0.04,0.063,2018
Albania,4.586,0.916,0.817,0.79,0.419,0.149,0.032,2018
Sierra Leone,4.571,0.256,0.813,0.0,0.355,0.238,0.053,2018
Congo (Brazzaville),4.559,0.682,0.811,0.343,0.514,0.091,0.077,2018
Bangladesh,4.5,0.532,0.85,0.579,0.58,0.153,0.144,2018
Sri Lanka,4.471,0.918,1.314,0.672,0.585,0.307,0.05,2018
Iraq,4.456,1.01,0.971,0.536,0.304,0.148,0.095,2018
Mali,4.447,0.37,1.233,0.152,0.367,0.139,0.056,2018
Namibia,4.441,0.874,1.281,0.365,0.519,0.051,0.064,2018
Cambodia,4.433,0.549,1.088,0.457,0.696,0.256,0.065,2018
Burkina Faso,4.424,0.314,1.097,0.254,0.312,0.175,0.128,2018
Egypt,4.419,0.885,1.025,0.553,0.312,0.092,0.107,2018
Mozambique,4.417,0.198,0.902,0.173,0.531,0.206,0.158,2018
Kenya,4.41,0.493,1.048,0.454,0.504,0.352,0.055,2018
Zambia,4.377,0.562,1.047,0.295,0.503,0.221,0.082,2018
Mauritania,4.356,0.557,1.245,0.292,0.129,0.134,0.093,2018
Ethiopia,4.35,0.308,0.95,0.391,0.452,0.22,0.146,2018
Georgia,4.34,0.853,0.592,0.643,0.375,0.038,0.215,2018
Armenia,4.321,0.816,0.99,0.666,0.26,0.077,0.028,2018
Myanmar,4.308,0.682,1.174,0.429,0.58,0.598,0.178,2018
Chad,4.301,0.358,0.907,0.053,0.189,0.181,0.06,2018
Congo (Kinshasa),4.245,0.069,1.136,0.204,0.312,0.197,0.052,2018
India,4.19,0.721,0.747,0.485,0.539,0.172,0.093,2018
Niger,4.166,0.131,0.867,0.221,0.39,0.175,0.099,2018
Uganda,4.161,0.322,1.09,0.237,0.45,0.259,0.061,2018
Benin,4.141,0.378,0.372,0.24,0.44,0.163,0.067,2018
Sudan,4.139,0.605,1.24,0.312,0.016,0.134,0.082,2018
Ukraine,4.103,0.793,1.413,0.609,0.163,0.187,0.011,2018
Togo,3.999,0.259,0.474,0.253,0.434,0.158,0.101,2018
Guinea,3.964,0.344,0.792,0.211,0.394,0.185,0.094,2018
Lesotho,3.808,0.472,1.215,0.079,0.423,0.116,0.112,2018
Angola,3.795,0.73,1.125,0.269,0.0,0.079,0.061,2018
Madagascar,3.774,0.262,0.908,0.402,0.221,0.155,0.049,2018
Zimbabwe,3.692,0.357,1.094,0.248,0.406,0.132,0.099,2018
Afghanistan,3.632,0.332,0.537,0.255,0.085,0.191,0.036,2018
Botswana,3.59,1.017,1.174,0.417,0.557,0.042,0.092,2018
Malawi,3.587,0.186,0.541,0.306,0.531,0.21,0.08,2018
Haiti,3.582,0.315,0.714,0.289,0.025,0.392,0.104,2018
Liberia,3.495,0.076,0.858,0.267,0.419,0.206,0.03,2018
Syria,3.462,0.689,0.382,0.539,0.088,0.376,0.144,2018
Rwanda,3.408,0.332,0.896,0.4,0.636,0.2,0.444,2018
Yemen,3.355,0.442,1.073,0.343,0.244,0.083,0.064,2018
Tanzania,3.303,0.455,0.991,0.381,0.481,0.27,0.097,2018
South Sudan,3.254,0.337,0.608,0.177,0.112,0.224,0.106,2018
Central African Republic,3.083,0.024,0.0,0.01,0.305,0.218,0.038,2018
Burundi,2.905,0.091,0.627,0.145,0.065,0.149,0.076,2018
Finland,7.769,1.34,1.587,0.986,0.596,0.153,0.393,2019
Denmark,7.6,1.383,1.573,0.996,0.592,0.252,0.41,2019
Norway,7.554,1.488,1.582,1.028,0.603,0.271,0.341,2019
Iceland,7.494,1.38,1.624,1.026,0.591,0.354,0.118,2019
Netherlands,7.488,1.396,1.522,0.999,0.557,0.322,0.298,2019
Switzerland,7.48,1.452,1.526,1.052,0.572,0.263,0.343,2019
Sweden,7.343,1.387,1.487,1.009,0.574,0.267,0.373,2019
New Zealand,7.307,1.303,1.557,1.026,0.585,0.33,0.38,2019
Canada,7.278,1.365,1.505,1.039,0.584,0.285,0.308,2019
Austria,7.246,1.376,1.475,1.016,0.532,0.244,0.226,2019
Australia,7.228,1.372,1.548,1.036,0.557,0.332,0.29,2019
Costa Rica,7.167,1.034,1.441,0.963,0.558,0.144,0.093,2019
Israel,7.139,1.276,1.455,1.029,0.371,0.261,0.082,2019
Luxembourg,7.09,1.609,1.479,1.012,0.526,0.194,0.316,2019
United Kingdom,7.054,1.333,1.538,0.996,0.45,0.348,0.278,2019
Ireland,7.021,1.499,1.553,0.999,0.516,0.298,0.31,2019
Germany,6.985,1.373,1.454,0.987,0.495,0.261,0.265,2019
Belgium,6.923,1.356,1.504,0.986,0.473,0.16,0.21,2019
United States,6.892,1.433,1.457,0.874,0.454,0.28,0.128,2019
Czech Republic,6.852,1.269,1.487,0.92,0.457,0.046,0.036,2019
United Arab Emirates,6.825,1.503,1.31,0.825,0.598,0.262,0.182,2019
Malta,6.726,1.3,1.52,0.999,0.564,0.375,0.151,2019
Mexico,6.595,1.07,1.323,0.861,0.433,0.074,0.073,2019
France,6.592,1.324,1.472,1.045,0.436,0.111,0.183,2019
Taiwan,6.446,1.368,1.43,0.914,0.351,0.242,0.097,2019
Chile,6.444,1.159,1.369,0.92,0.357,0.187,0.056,2019
Guatemala,6.436,0.8,1.269,0.746,0.535,0.175,0.078,2019
Saudi Arabia,6.375,1.403,1.357,0.795,0.439,0.08,0.132,2019
Qatar,6.374,1.684,1.313,0.871,0.555,0.22,0.167,2019
Spain,6.354,1.286,1.484,1.062,0.362,0.153,0.079,2019
Panama,6.321,1.149,1.442,0.91,0.516,0.109,0.054,2019
Brazil,6.3,1.004,1.439,0.802,0.39,0.099,0.086,2019
Uruguay,6.293,1.124,1.465,0.891,0.523,0.127,0.15,2019
Singapore,6.262,1.572,1.463,1.141,0.556,0.271,0.453,2019
El Salvador,6.253,0.794,1.242,0.789,0.43,0.093,0.074,2019
Italy,6.223,1.294,1.488,1.039,0.231,0.158,0.03,2019
Bahrain,6.199,1.362,1.368,0.871,0.536,0.255,0.11,2019
Slovakia,6.198,1.246,1.504,0.881,0.334,0.121,0.014,2019
Trinidad & Tobago,6.192,1.231,1.477,0.713,0.489,0.185,0.016,2019
Poland,6.182,1.206,1.438,0.884,0.483,0.117,0.05,2019
Uzbekistan,6.174,0.745,1.529,0.756,0.631,0.322,0.24,2019
Lithuania,6.149,1.238,1.515,0.818,0.291,0.043,0.042,2019
Colombia,6.125,0.985,1.41,0.841,0.47,0.099,0.034,2019
Slovenia,6.118,1.258,1.523,0.953,0.564,0.144,0.057,2019
Nicaragua,6.105,0.694,1.325,0.835,0.435,0.2,0.127,2019
Kosovo,6.1,0.882,1.232,0.758,0.489,0.262,0.006,2019
Argentina,6.086,1.092,1.432,0.881,0.471,0.066,0.05,2019
Romania,6.07,1.162,1.232,0.825,0.462,0.083,0.005,2019
Cyprus,6.046,1.263,1.223,1.042,0.406,0.19,0.041,2019
Ecuador,6.028,0.912,1.312,0.868,0.498,0.126,0.087,2019
Kuwait,6.021,1.5,1.319,0.808,0.493,0.142,0.097,2019
Thailand,6.008,1.05,1.409,0.828,0.557,0.359,0.028,2019
Latvia,5.94,1.187,1.465,0.812,0.264,0.075,0.064,2019
South Korea,5.895,1.301,1.219,1.036,0.159,0.175,0.056,2019
Estonia,5.893,1.237,1.528,0.874,0.495,0.103,0.161,2019
Jamaica,5.89,0.831,1.478,0.831,0.49,0.107,0.028,2019
Mauritius,5.888,1.12,1.402,0.798,0.498,0.215,0.06,2019
Japan,5.886,1.327,1.419,1.088,0.445,0.069,0.14,2019
Honduras,5.86,0.642,1.236,0.828,0.507,0.246,0.078,2019
Kazakhstan,5.809,1.173,1.508,0.729,0.41,0.146,0.096,2019
Bolivia,5.779,0.776,1.209,0.706,0.511,0.137,0.064,2019
Hungary,5.758,1.201,1.41,0.828,0.199,0.081,0.02,2019
Paraguay,5.743,0.855,1.475,0.777,0.514,0.184,0.08,2019
Northern Cyprus,5.718,1.263,1.252,1.042,0.417,0.191,0.162,2019
Peru,5.697,0.96,1.274,0.854,0.455,0.083,0.027,2019
Portugal,5.693,1.221,1.431,0.999,0.508,0.047,0.025,2019
Pakistan,5.653,0.677,0.886,0.535,0.313,0.22,0.098,2019
Russia,5.648,1.183,1.452,0.726,0.334,0.082,0.031,2019
Philippines,5.631,0.807,1.293,0.657,0.558,0.117,0.107,2019
Serbia,5.603,1.004,1.383,0.854,0.282,0.137,0.039,2019
Moldova,5.529,0.685,1.328,0.739,0.245,0.181,0.0,2019
Libya,5.525,1.044,1.303,0.673,0.416,0.133,0.152,2019
Montenegro,5.523,1.051,1.361,0.871,0.197,0.142,0.08,2019
Tajikistan,5.467,0.493,1.098,0.718,0.389,0.23,0.144,2019
Croatia,5.432,1.155,1.266,0.914,0.296,0.119,0.022,2019
Hong Kong,5.43,1.438,1.277,1.122,0.44,0.258,0.287,2019
Dominican Republic,5.425,1.015,1.401,0.779,0.497,0.113,0.101,2019
Bosnia and Herzegovina,5.386,0.945,1.212,0.845,0.212,0.263,0.006,2019
Turkey,5.373,1.183,1.36,0.808,0.195,0.083,0.106,2019
Malaysia,5.339,1.221,1.171,0.828,0.508,0.26,0.024,2019
Belarus,5.323,1.067,1.465,0.789,0.235,0.094,0.142,2019
Greece,5.287,1.181,1.156,0.999,0.067,0.0,0.034,2019
Mongolia,5.285,0.948,1.531,0.667,0.317,0.235,0.038,2019
North Macedonia,5.274,0.983,1.294,0.838,0.345,0.185,0.034,2019
Nigeria,5.265,0.696,1.111,0.245,0.426,0.215,0.041,2019
Kyrgyzstan,5.261,0.551,1.438,0.723,0.508,0.3,0.023,2019
Turkmenistan,5.247,1.052,1.538,0.657,0.394,0.244,0.028,2019
Algeria,5.211,1.002,1.16,0.785,0.086,0.073,0.114,2019
Morocco,5.208,0.801,0.782,0.782,0.418,0.036,0.076,2019
Azerbaijan,5.208,1.043,1.147,0.769,0.351,0.035,0.182,2019
Lebanon,5.197,0.987,1.224,0.815,0.216,0.166,0.027,2019
Indonesia,5.192,0.931,1.203,0.66,0.491,0.498,0.028,2019
China,5.191,1.029,1.125,0.893,0.521,0.058,0.1,2019
Vietnam,5.175,0.741,1.346,0.851,0.543,0.147,0.073,2019
Bhutan,5.082,0.813,1.321,0.604,0.457,0.37,0.167,2019
Cameroon,5.044,0.549,0.91,0.331,0.381,0.187,0.037,2019
Bulgaria,5.011,1.092,1.513,0.815,0.311,0.081,0.004,2019
Ghana,4.996,0.611,0.868,0.486,0.381,0.245,0.04,2019
Ivory Coast,4.944,0.569,0.808,0.232,0.352,0.154,0.09,2019
Nepal,4.913,0.446,1.226,0.677,0.439,0.285,0.089,2019
Jordan,4.906,0.837,1.225,0.815,0.383,0.11,0.13,2019
Benin,4.883,0.393,0.437,0.397,0.349,0.175,0.082,2019
Congo (Brazzaville),4.812,0.673,0.799,0.508,0.372,0.105,0.093,2019
Gabon,4.799,1.057,1.183,0.571,0.295,0.043,0.055,2019
Laos,4.796,0.764,1.03,0.551,0.547,0.266,0.164,2019
South Africa,4.722,0.96,1.351,0.469,0.389,0.13,0.055,2019
Albania,4.719,0.947,0.848,0.874,0.383,0.178,0.027,2019
Venezuela,4.707,0.96,1.427,0.805,0.154,0.064,0.047,2019
Cambodia,4.7,0.574,1.122,0.637,0.609,0.232,0.062,2019
Palestinian Territories,4.696,0.657,1.247,0.672,0.225,0.103,0.066,2019
Senegal,4.681,0.45,1.134,0.571,0.292,0.153,0.072,2019
Somalia,4.668,0.0,0.698,0.268,0.559,0.243,0.27,2019
Namibia,4.639,0.879,1.313,0.477,0.401,0.07,0.056,2019
Niger,4.628,0.138,0.774,0.366,0.318,0.188,0.102,2019
Burkina Faso,4.587,0.331,1.056,0.38,0.255,0.177,0.113,2019
Armenia,4.559,0.85,1.055,0.815,0.283,0.095,0.064,2019
Iran,4.548,1.1,0.842,0.785,0.305,0.27,0.125,2019
Guinea,4.534,0.38,0.829,0.375,0.332,0.207,0.086,2019
Georgia,4.519,0.886,0.666,0.752,0.346,0.043,0.164,2019
Gambia,4.516,0.308,0.939,0.428,0.382,0.269,0.167,2019
Kenya,4.509,0.512,0.983,0.581,0.431,0.372,0.053,2019
Mauritania,4.49,0.57,1.167,0.489,0.066,0.106,0.088,2019
Mozambique,4.466,0.204,0.986,0.39,0.494,0.197,0.138,2019
Tunisia,4.461,0.921,1.0,0.815,0.167,0.059,0.055,2019
Bangladesh,4.456,0.562,0.928,0.723,0.527,0.166,0.143,2019
Iraq,4.437,1.043,0.98,0.574,0.241,0.148,0.089,2019
Congo (Kinshasa),4.418,0.094,1.125,0.357,0.269,0.212,0.053,2019
Mali,4.39,0.385,1.105,0.308,0.327,0.153,0.052,2019
Sierra Leone,4.374,0.268,0.841,0.242,0.309,0.252,0.045,2019
Sri Lanka,4.366,0.949,1.265,0.831,0.47,0.244,0.047,2019
Myanmar,4.36,0.71,1.181,0.555,0.525,0.566,0.172,2019
Chad,4.35,0.35,0.766,0.192,0.174,0.198,0.078,2019
Ukraine,4.332,0.82,1.39,0.739,0.178,0.187,0.01,2019
Ethiopia,4.286,0.336,1.033,0.532,0.344,0.209,0.1,2019
Swaziland,4.212,0.811,1.149,0.0,0.313,0.074,0.135,2019
Uganda,4.189,0.332,1.069,0.443,0.356,0.252,0.06,2019
Egypt,4.166,0.913,1.039,0.644,0.241,0.076,0.067,2019
Zambia,4.107,0.578,1.058,0.426,0.431,0.247,0.087,2019
Togo,4.085,0.275,0.572,0.41,0.293,0.177,0.085,2019
India,4.015,0.755,0.765,0.588,0.498,0.2,0.085,2019
Liberia,3.975,0.073,0.922,0.443,0.37,0.233,0.033,2019
Comoros,3.973,0.274,0.757,0.505,0.142,0.275,0.078,2019
Madagascar,3.933,0.274,0.916,0.555,0.148,0.169,0.041,2019
Lesotho,3.802,0.489,1.169,0.168,0.359,0.107,0.093,2019
Burundi,3.775,0.046,0.447,0.38,0.22,0.176,0.18,2019
Zimbabwe,3.663,0.366,1.114,0.433,0.361,0.151,0.089,2019
Haiti,3.597,0.323,0.688,0.449,0.026,0.419,0.11,2019
Botswana,3.488,1.041,1.145,0.538,0.455,0.025,0.1,2019
Syria,3.462,0.619,0.378,0.44,0.013,0.331,0.141,2019
Malawi,3.41,0.191,0.56,0.495,0.443,0.218,0.089,2019
Yemen,3.38,0.287,1.163,0.463,0.143,0.108,0.077,2019
Rwanda,3.334,0.359,0.711,0.614,0.555,0.217,0.411,2019
Tanzania,3.231,0.476,0.885,0.499,0.417,0.276,0.147,2019
Afghanistan,3.203,0.35,0.517,0.361,0.0,0.158,0.025,2019
Central African Republic,3.083,0.026,0.0,0.105,0.225,0.235,0.035,2019
South Sudan,2.853,0.306,0.575,0.295,0.01,0.202,0.091,2019
Finland,7.808700085,1.285189509,1.499525905,0.961271405,0.66231674,0.159670442,0.477857262,2020
Denmark,7.645599842,1.326948524,1.503449202,0.979332566,0.665039897,0.242793396,0.495260328,2020
Switzerland,7.559899807,1.39077425,1.472403407,1.040533185,0.62895447,0.269055754,0.407945901,2020
Iceland,7.504499912,1.326501608,1.547567487,1.000843406,0.661980748,0.362330228,0.144540772,2020
Norway,7.487999916,1.42420733,1.495172501,1.008071899,0.670200884,0.287985086,0.434100568,2020
Netherlands,7.448900223,1.338946342,1.463645935,0.975675344,0.61362648,0.336317569,0.368569762,2020
Sweden,7.353499889,1.322235227,1.433347702,0.986470461,0.650297701,0.272827893,0.442066371,2020
New Zealand,7.299600124,1.242317915,1.48721838,1.008138299,0.646789908,0.325726211,0.461268276,2020
Austria,7.294199944,1.317285538,1.437444925,1.000933528,0.603368878,0.255509764,0.281256139,2020
Luxembourg,7.237500191,1.536676049,1.387528419,0.986442685,0.610137045,0.19595392,0.367041469,2020
Canada,7.23210001,1.301647663,1.435391903,1.022501945,0.644028127,0.28152892,0.351701856,2020
Australia,7.222799778,1.310396433,1.477146268,1.022607684,0.621877193,0.324973613,0.335996419,2020
United Kingdom,7.164500237,1.273061037,1.457844973,0.97570008,0.525168657,0.373433441,0.322601646,2020
Israel,7.128600121,1.216463685,1.403256774,1.008052945,0.420699477,0.266861796,0.09989845,2020
Costa Rica,7.121399879,0.981107712,1.374853611,0.939635336,0.645017743,0.131266311,0.096362092,2020
Ireland,7.093699932,1.446886778,1.470596433,0.975670695,0.587779939,0.295426995,0.373433262,2020
Germany,7.075799942,1.314184546,1.368543744,0.972114801,0.564274132,0.252037704,0.309362292,2020
United States,6.939599991,1.37398684,1.404786706,0.831618011,0.534608245,0.298143059,0.152284741,2020
Czech Republic,6.910900116,1.212322354,1.40528667,0.89456445,0.505744576,0.046325929,0.049803223,2020
Belgium,6.863500118,1.295842767,1.398677588,0.964901149,0.499805421,0.146966159,0.208724052,2020
United Arab Emirates,6.790800095,1.431086421,1.251170993,0.787814438,0.652936101,0.28065598,0.220213518,2020
Malta,6.772799969,1.252513289,1.442956924,0.972042024,0.633239031,0.341180831,0.178864077,2020
France,6.663799763,1.268129349,1.458839178,1.029714227,0.514050901,0.112607703,0.227303237,2020
Mexico,6.465000153,1.024387479,1.226333499,0.831601024,0.553892553,0.083094485,0.083133668,2020
Taiwan Province of China,6.45539999,1.327470541,1.357760668,0.878437996,0.449404389,0.150598705,0.131516352,2020
Uruguay,6.440100193,1.071000457,1.425081134,0.856928885,0.59426707,0.132143691,0.193425074,2020
Saudi Arabia,6.406499863,1.334328532,1.309950113,0.759818137,0.548477471,0.087440684,0.163322315,2020
Spain,6.400899887,1.230535269,1.421099186,1.051343083,0.425983816,0.16530548,0.109579779,2020
Guatemala,6.398900032,0.753815711,1.174267054,0.705952585,0.613146722,0.170611665,0.0983603,2020
Italy,6.38740015,1.236396074,1.347296,1.022504926,0.321305573,0.170266211,0.040145598,2020
Singapore,6.377099991,1.519580126,1.39545691,1.137814283,0.635317206,0.218770906,0.533162236,2020
Brazil,6.375599861,0.952679873,1.363464117,0.766119063,0.483292729,0.131674588,0.106518604,2020
Slovenia,6.363399982,1.208652496,1.464677691,0.932548046,0.646700144,0.145701498,0.076516323,2020
El Salvador,6.34829998,0.748940408,1.149397612,0.752730012,0.524043918,0.1189363,0.117030352,2020
Kosovo,6.325200081,0.840481341,1.183962822,0.672709167,0.557280421,0.325286865,0.008559024,2020
Panama,6.304800034,1.097667813,1.376149297,0.878546536,0.57984978,0.097207308,0.054230526,2020
Slovakia,6.280600071,1.194837689,1.424331188,0.853465259,0.423542529,0.116729774,0.011291441,2020
Uzbekistan,6.257599831,0.696652949,1.434020042,0.716703713,0.693270326,0.363311023,0.280260265,2020
Chile,6.228499889,1.096992493,1.323286891,0.889260828,0.417482227,0.155579001,0.06284935,2020
Bahrain,6.227300167,1.296692252,1.31532371,0.838836372,0.610399902,0.287453711,0.126697257,2020
Lithuania,6.215499878,1.193559647,1.432865739,0.795421183,0.42046079,0.053691041,0.081350274,2020
Trinidad and Tobago,6.191899776,1.167641521,1.407326221,0.658828557,0.55293113,0.199358255,0.015078396,2020
Poland,6.186299801,1.16922915,1.310399771,0.868038476,0.557903528,0.063374244,0.160541251,2020
Colombia,6.163400173,0.93220371,1.33445096,0.810020149,0.526890039,0.092374094,0.04584837,2020
Cyprus,6.15899992,1.21279943,1.149170756,1.026124597,0.459385872,0.227932334,0.051207144,2020
Nicaragua,6.13710022,0.620033145,1.27081275,0.803093255,0.560117304,0.212871477,0.174084574,2020
Romania,6.123700142,1.120401621,1.1944381,0.79229486,0.534852326,0.068181619,0.000829569,2020
Kuwait,6.102099895,1.424833655,1.244779825,0.776468933,0.570261419,0.132751092,0.112814933,2020
Mauritius,6.101299763,1.07366395,1.395666838,0.763389409,0.590838134,0.186894551,0.084088229,2020
Kazakhstan,6.057899952,1.122594237,1.453267694,0.698788941,0.497432142,0.153713793,0.110463686,2020
Estonia,6.021800041,1.192441225,1.453232527,0.842615008,0.576664805,0.125136748,0.201766819,2020
Philippines,6.006000042,0.775120676,1.245381713,0.602189481,0.621915162,0.129260212,0.130385727,2020
Hungary,6.000400066,1.164307117,1.423009396,0.806793869,0.386401802,0.070491239,0.027548173,2020
Thailand,5.998799801,1.007029295,1.347519517,0.793855846,0.609449804,0.376709014,0.031837862,2020
Argentina,5.974699974,1.028465629,1.372543693,0.849773705,0.520840347,0.070100471,0.060415059,2020
Honduras,5.953199863,0.598763585,1.186664104,0.791989982,0.568148077,0.256528199,0.086807102,2020
Latvia,5.949999809,1.14139545,1.414398789,0.777902424,0.329198807,0.075407945,0.090391524,2020
Ecuador,5.925199986,0.853383601,1.221027613,0.838837743,0.555234551,0.115006477,0.086753383,2020
Portugal,5.910900116,1.168800831,1.339530349,0.979315281,0.589895189,0.053036947,0.027733466,2020
Jamaica,5.889800072,0.779058397,1.408289194,0.788434088,0.553124607,0.116268493,0.030147785,2020
South Korea,5.872399807,1.245300651,1.133560538,1.022542596,0.25935635,0.170303866,0.094596282,2020
Japan,5.870800018,1.26672411,1.332338691,1.072881341,0.495465875,0.03571178,0.181439638,2020
Peru,5.796800137,0.91854918,1.208405972,0.824444175,0.513210058,0.091611817,0.02703266,2020
Serbia,5.77820015,0.988181829,1.327448964,0.828403294,0.395428419,0.15028289,0.059447147,2020
Bolivia,5.747499943,0.730976343,1.142350554,0.662445664,0.5744645,0.138375074,0.072942637,2020
Pakistan,5.69329977,0.616799474,0.872979581,0.469933242,0.405421734,0.228705063,0.122592121,2020
Paraguay,5.692100048,0.897990823,1.36819756,0.735869646,0.586510062,0.204299241,0.065077379,2020
Dominican Republic,5.689199924,0.983191848,1.328888893,0.741901696,0.5628739,0.112196781,0.115945682,2020
Bosnia and Herzegovina,5.674099922,0.91839546,1.203986526,0.813928187,0.305365741,0.264005244,0.001172487,2020
Moldova,5.607500076,0.707916796,1.237312198,0.713299453,0.389571488,0.174049184,0.014378744,2020
Tajikistan,5.555699825,0.474874616,1.218377709,0.680594802,0.521141171,0.182417125,0.221779913,2020
Montenegro,5.54610014,1.010150075,1.265657902,0.839028895,0.303223848,0.14901033,0.098435111,2020
Russia,5.546000004,1.126999617,1.378644109,0.68044591,0.399499595,0.099041916,0.045699362,2020
Kyrgyzstan,5.541500092,0.513180971,1.341036677,0.680645883,0.614617765,0.30137074,0.030466691,2020
Belarus,5.539899826,1.018854499,1.38713932,0.75258857,0.290755868,0.08993306,0.193607435,2020
North Cyprus,5.53550005,1.21279943,1.183089137,1.026124597,0.477885723,0.199160054,0.199802905,2020
Greece,5.514999866,1.128070116,1.168973565,0.979431748,0.173516348,0.0,0.048844352,2020
Hong Kong S.A.R. of China,5.510399818,1.376746058,1.243584275,1.136630654,0.459356517,0.288280904,0.332485437,2020
Croatia,5.504700184,1.109024286,1.311264873,0.900575578,0.381456882,0.113998979,0.012325006,2020
Libya,5.488800049,1.021913767,1.196283698,0.615626633,0.451354057,0.142757699,0.172258079,2020
Mongolia,5.456200123,0.904872775,1.458930612,0.615788162,0.355703115,0.263885736,0.046533126,2020
Malaysia,5.384300232,1.168421626,1.17400229,0.788511872,0.596941531,0.274886161,0.062163133,2020
Vietnam,5.353499889,0.718092382,1.253074765,0.819133997,0.650835574,0.136488721,0.089848459,2020
Indonesia,5.285600185,0.891720712,1.154800892,0.610437036,0.568161428,0.542646527,0.038278613,2020
Ivory Coast,5.233300209,0.537094414,0.799727261,0.154942513,0.397122532,0.169915587,0.093495794,2020
Benin,5.21600008,0.366244704,0.352428436,0.328062952,0.40583989,0.196670428,0.125931874,2020
Maldives,5.197599888,0.937864304,1.402287602,0.914439559,0.548203647,0.224198252,0.071906492,2020
Congo (Brazzaville),5.194399834,0.633616745,0.757636011,0.458101124,0.386514395,0.117216013,0.118670784,2020
Azerbaijan,5.164800167,0.990272701,1.180613041,0.731134057,0.467734724,0.040113214,0.247307181,2020
Macedonia,5.159800053,0.935371995,1.183173537,0.802994132,0.410224587,0.18586354,0.024595059,2020
Ghana,5.147999763,0.575862467,0.96636796,0.432162255,0.477290064,0.261291206,0.056570381,2020
Nepal,5.137199879,0.444050372,1.100789309,0.66887939,0.480608255,0.300971806,0.127502963,2020
Turkey,5.131800175,1.127169251,1.197159171,0.781335294,0.25440076,0.085885569,0.120983243,2020
China,5.123899937,0.990533412,1.132080674,0.867248535,0.601605117,0.079021044,0.117255554,2020
Turkmenistan,5.119100094,1.008963585,1.510476947,0.612448037,0.515236676,0.323129326,0.03350389,2020
Bulgaria,5.101500034,1.046554685,1.460578918,0.777776897,0.417820066,0.103833713,0.0,2020
Morocco,5.094799995,0.75862211,0.645208478,0.745096922,0.450054139,0.040032551,0.077385604,2020
Cameroon,5.084899902,0.503958046,0.89972645,0.270189553,0.439242482,0.198020101,0.054393422,2020
Venezuela,5.053199768,0.770238638,1.348546863,0.76702553,0.271717221,0.087179154,0.063624777,2020
Algeria,5.005099773,0.943856001,1.143003583,0.745418549,0.083943799,0.118915014,0.129190654,2020
Senegal,4.980800152,0.504061818,0.95459342,0.518391907,0.352400899,0.164397135,0.081865937,2020
Guinea,4.949299812,0.390007734,0.75136596,0.333655238,0.371878058,0.249490842,0.112204559,2020
Niger,4.909599781,0.108330332,0.703800142,0.298816353,0.435311615,0.208176896,0.137554765,2020
Laos,4.888599873,0.714693844,0.987391889,0.486378282,0.612027287,0.27266711,0.194273964,2020
Albania,4.882699966,0.906653047,0.830483913,0.846329629,0.461945891,0.171027765,0.025361285,2020
Cambodia,4.848400116,0.544634938,1.071426034,0.587904334,0.674940348,0.233342081,0.072837502,2020
Bangladesh,4.832799911,0.556156278,0.868800581,0.694940507,0.604130566,0.176745117,0.176735908,2020
Gabon,4.829299927,0.988044381,1.10639751,0.522574842,0.369459897,0.052013602,0.055804539,2020
South Africa,4.814099789,0.902140439,1.259086251,0.407034069,0.43478182,0.126406848,0.05950214,2020
Iraq,4.784800053,0.982018709,1.011466622,0.529350698,0.283588052,0.153002068,0.073164992,2020
Lebanon,4.771500111,0.889232516,1.19249332,0.788671136,0.18551667,0.158524141,0.021518147,2020
Burkina Faso,4.768700123,0.302467644,0.9293859,0.312833875,0.322398156,0.186390609,0.126408055,2020
Gambia,4.750599861,0.256990552,0.882678688,0.353247881,0.403419524,0.425989687,0.158093795,2020
Mali,4.729300022,0.352462649,0.97314173,0.234981522,0.377534449,0.16966705,0.062146276,2020
Nigeria,4.724100113,0.645901859,0.986717939,0.167835936,0.435079455,0.221328124,0.047589935,2020
Armenia,4.676799774,0.808262408,1.034576893,0.77585727,0.378075808,0.107225738,0.104618184,2020
Georgia,4.672599792,0.847198069,0.7311939,0.694657624,0.485494107,0.047609735,0.174088076,2020
Iran,4.672399998,1.029322505,0.886271179,0.749053836,0.301195472,0.27697894,0.142651513,2020
Jordan,4.633399963,0.785179198,1.140118599,0.777624726,0.424855083,0.091494769,0.151878625,2020
Mozambique,4.623600006,0.178741366,0.955202878,0.324223638,0.56077534,0.220422104,0.163064316,2020
Kenya,4.583000183,0.476413399,0.905077755,0.536312759,0.519180536,0.393902093,0.067201078,2020
Namibia,4.571100235,0.84008199,1.245738149,0.40687117,0.444598973,0.076454483,0.054320343,2020
Ukraine,4.56069994,0.780434608,1.321316481,0.698674381,0.319423705,0.178551316,0.00965116,2020
Liberia,4.557899952,0.174103007,0.920733929,0.392284274,0.405943096,0.226967871,0.051139876,2020
Palestinian Territories,4.552800179,0.587819219,1.194755554,0.613826573,0.29870075,0.091816261,0.071913652,2020
Uganda,4.43200016,0.312337428,1.052327394,0.378311664,0.401682556,0.264807373,0.063818842,2020
Chad,4.422699928,0.302287489,0.739118278,0.1087441,0.228601769,0.210805088,0.085755408,2020
Tunisia,4.392199993,0.874742687,0.872167706,0.781156719,0.235860556,0.055881143,0.043899573,2020
Mauritania,4.374599934,0.539684892,1.113323569,0.425184816,0.185714483,0.128899664,0.122257635,2020
Sri Lanka,4.327000141,0.897986948,1.19494009,0.792036712,0.528632462,0.252666146,0.049444564,2020
Congo (Kinshasa),4.31099987,0.062487468,0.833055019,0.277212054,0.36462298,0.254324883,0.081466645,2020
Swaziland,4.308100224,0.827539742,1.064835191,0.215585828,0.299935788,0.067264833,0.146765873,2020
Myanmar,4.308000088,0.67809093,1.098178267,0.495443076,0.597478867,0.569813728,0.187530354,2020
Comoros,4.288599968,0.415620774,0.723232806,0.437383324,0.181028232,0.258538276,0.100048535,2020
Togo,4.187200069,0.268116266,0.547622859,0.342731178,0.303539038,0.200774252,0.114826456,2020
Ethiopia,4.186200142,0.315125644,1.001103282,0.483846247,0.41256687,0.227698103,0.117437035,2020
Madagascar,4.165599823,0.244553208,0.823694348,0.500617027,0.192967549,0.191190064,0.076248638,2020
Egypt,4.151400089,0.875228941,0.982539535,0.596911311,0.373684734,0.068801254,0.095461793,2020
Sierra Leone,3.926399946,0.240560383,0.747984946,0.203953966,0.382027686,0.257647008,0.047940936,2020
Burundi,3.775300026,0.0,0.403575271,0.295212835,0.275399059,0.187401786,0.212186828,2020
Zambia,3.759399891,0.536833763,0.896037281,0.36359334,0.49131754,0.250620902,0.086705238,2020
Haiti,3.720799923,0.284734428,0.646671355,0.37436673,0.169297516,0.463909656,0.161935672,2020
Lesotho,3.652800083,0.45493874,1.088940024,0.100934811,0.409367532,0.102627642,0.050483823,2020
India,3.573299885,0.730576158,0.644198656,0.54057014,0.581142247,0.237072483,0.105587982,2020
Malawi,3.538000107,0.176534727,0.53036809,0.446163297,0.487389833,0.213185057,0.131633952,2020
Yemen,3.527400017,0.392701775,1.177477121,0.41500017,0.243721485,0.094689012,0.087352127,2020
Botswana,3.478899956,0.997548997,1.08569479,0.494101733,0.50908941,0.033407487,0.101786368,2020
Tanzania,3.476200104,0.457163125,0.872674644,0.442677855,0.509343088,0.27154091,0.203880861,2020
Central African Republic,3.475899935,0.041072082,0.0,0.0,0.292814463,0.253513217,0.028264718,2020
Rwanda,3.312299967,0.343242675,0.522876322,0.572383285,0.604087889,0.235704988,0.485542476,2020
Zimbabwe,3.299200058,0.425564021,1.047835231,0.375037611,0.37740472,0.151349187,0.080928579,2020
South Sudan,2.816600084,0.289082974,0.553278506,0.208809033,0.065609254,0.209934607,0.111156799,2020
Afghanistan,2.566900015,0.30070585,0.356433839,0.266051531,0.0,0.135234714,0.001225785,2020
Finland,7.842,1.446,1.106,0.741,0.691,0.124,0.481,2021
Denmark,7.62,1.502,1.108,0.763,0.686,0.208,0.485,2021
Switzerland,7.571,1.566,1.079,0.816,0.653,0.204,0.413,2021
Iceland,7.554,1.482,1.172,0.772,0.698,0.293,0.17,2021
Netherlands,7.464,1.501,1.079,0.753,0.647,0.302,0.384,2021
Norway,7.392,1.543,1.108,0.782,0.703,0.249,0.427,2021
Sweden,7.363,1.478,1.062,0.763,0.685,0.244,0.448,2021
Luxembourg,7.324,1.751,1.003,0.76,0.639,0.166,0.353,2021
New Zealand,7.277,1.4,1.094,0.785,0.665,0.276,0.445,2021
Austria,7.268,1.492,1.062,0.782,0.64,0.215,0.292,2021
Australia,7.183,1.453,1.076,0.801,0.647,0.291,0.317,2021
Israel,7.157,1.376,1.074,0.788,0.509,0.208,0.119,2021
Germany,7.155,1.48,0.993,0.757,0.6,0.195,0.306,2021
Canada,7.103,1.447,1.044,0.798,0.648,0.246,0.335,2021
Ireland,7.085,1.644,1.092,0.753,0.606,0.238,0.367,2021
Costa Rica,7.069,1.134,0.966,0.722,0.673,0.105,0.083,2021
United Kingdom,7.064,1.423,1.062,0.757,0.58,0.34,0.306,2021
Czech Republic,6.965,1.37,1.09,0.703,0.58,0.052,0.046,2021
United States,6.951,1.533,1.03,0.621,0.554,0.252,0.154,2021
Belgium,6.834,1.463,0.998,0.747,0.489,0.088,0.187,2021
France,6.69,1.421,1.081,0.804,0.536,0.092,0.235,2021
Bahrain,6.647,1.409,0.899,0.662,0.661,0.246,0.139,2021
Malta,6.602,1.411,1.055,0.747,0.664,0.275,0.183,2021
Taiwan Province of China,6.584,1.48,0.982,0.665,0.49,0.142,0.139,2021
United Arab Emirates,6.561,1.555,0.86,0.594,0.67,0.236,0.223,2021
Saudi Arabia,6.494,1.435,0.964,0.571,0.603,0.09,0.163,2021
Spain,6.491,1.375,1.057,0.826,0.462,0.135,0.124,2021
Italy,6.483,1.393,0.94,0.798,0.379,0.133,0.047,2021
Slovenia,6.461,1.36,1.093,0.722,0.69,0.122,0.085,2021
Guatemala,6.435,0.845,0.79,0.519,0.638,0.163,0.105,2021
Uruguay,6.431,1.164,1.042,0.649,0.625,0.128,0.223,2021
Singapore,6.377,1.695,1.019,0.897,0.664,0.176,0.547,2021
Kosovo,6.372,0.937,0.807,0.483,0.593,0.356,0.014,2021
Slovakia,6.331,1.304,1.066,0.653,0.468,0.107,0.018,2021
Brazil,6.33,1.028,0.944,0.571,0.514,0.142,0.117,2021
Mexico,6.317,1.126,0.83,0.634,0.585,0.092,0.089,2021
Jamaica,6.309,0.891,0.932,0.599,0.618,0.099,0.035,2021
Lithuania,6.255,1.35,1.065,0.612,0.476,0.056,0.073,2021
Cyprus,6.223,1.377,0.765,0.801,0.464,0.178,0.061,2021
Estonia,6.189,1.344,1.079,0.64,0.641,0.119,0.263,2021
Panama,6.18,1.298,0.976,0.667,0.596,0.079,0.053,2021
Uzbekistan,6.179,0.769,1.027,0.528,0.716,0.391,0.271,2021
Chile,6.172,1.2,0.946,0.678,0.438,0.159,0.07,2021
Poland,6.166,1.309,0.982,0.668,0.558,0.08,0.13,2021
Kazakhstan,6.152,1.23,1.103,0.527,0.573,0.143,0.132,2021
Romania,6.14,1.275,0.832,0.595,0.564,0.045,0.001,2021
Kuwait,6.106,1.461,0.857,0.58,0.591,0.12,0.13,2021
Serbia,6.078,1.101,0.924,0.634,0.482,0.189,0.066,2021
El Salvador,6.061,0.845,0.675,0.565,0.615,0.116,0.16,2021
Mauritius,6.049,1.178,0.996,0.574,0.59,0.153,0.096,2021
Latvia,6.032,1.285,1.047,0.587,0.405,0.082,0.089,2021
Colombia,6.012,1.021,0.866,0.615,0.554,0.1,0.063,2021
Hungary,5.992,1.301,1.083,0.615,0.454,0.067,0.04,2021
Thailand,5.985,1.107,0.957,0.596,0.611,0.375,0.028,2021
Nicaragua,5.972,0.693,0.904,0.604,0.553,0.201,0.176,2021
Japan,5.94,1.389,0.949,0.838,0.504,0.02,0.192,2021
Argentina,5.929,1.162,0.98,0.646,0.544,0.069,0.067,2021
Portugal,5.929,1.323,0.939,0.76,0.621,0.029,0.033,2021
Honduras,5.919,0.703,0.787,0.593,0.578,0.241,0.083,2021
Croatia,5.882,1.251,1.039,0.703,0.453,0.111,0.0,2021
Philippines,5.88,0.853,0.828,0.426,0.651,0.125,0.126,2021
South Korea,5.845,1.403,0.758,0.801,0.353,0.134,0.135,2021
Peru,5.84,0.986,0.833,0.623,0.536,0.087,0.031,2021
Bosnia and Herzegovina,5.813,1.032,0.919,0.618,0.395,0.261,0.005,2021
Moldova,5.766,0.985,0.888,0.542,0.536,0.137,0.013,2021
Ecuador,5.764,0.935,0.806,0.64,0.56,0.107,0.062,2021
Kyrgyzstan,5.744,0.665,0.971,0.501,0.673,0.266,0.02,2021
Greece,5.723,1.273,0.811,0.76,0.243,0.0,0.074,2021
Bolivia,5.716,0.842,0.782,0.486,0.6,0.138,0.064,2021
Mongolia,5.677,0.966,1.065,0.442,0.397,0.263,0.053,2021
Paraguay,5.653,0.983,0.97,0.549,0.602,0.206,0.037,2021
Montenegro,5.581,1.155,0.891,0.637,0.397,0.166,0.081,2021
Dominican Republic,5.545,1.106,0.879,0.555,0.581,0.101,0.144,2021
North Cyprus,5.536,1.377,0.806,0.801,0.503,0.196,0.2,2021
Belarus,5.534,1.124,1.007,0.56,0.326,0.07,0.199,2021
Russia,5.477,1.241,0.992,0.511,0.409,0.115,0.06,2021
Hong Kong S.A.R. of China,5.477,1.525,0.841,0.893,0.408,0.232,0.342,2021
Tajikistan,5.466,0.508,0.895,0.498,0.548,0.152,0.247,2021
Vietnam,5.411,0.817,0.873,0.616,0.679,0.124,0.091,2021
Libya,5.41,1.044,0.821,0.435,0.474,0.131,0.174,2021
Malaysia,5.384,1.259,0.797,0.587,0.624,0.27,0.064,2021
Indonesia,5.345,0.954,0.786,0.433,0.598,0.541,0.046,2021
Congo (Brazzaville),5.342,0.518,0.392,0.307,0.381,0.144,0.124,2021
China,5.339,1.061,0.785,0.665,0.636,0.093,0.117,2021
Ivory Coast,5.306,0.669,0.409,0.052,0.438,0.177,0.092,2021
Armenia,5.283,0.996,0.758,0.585,0.54,0.079,0.198,2021
Nepal,5.269,0.519,0.702,0.496,0.488,0.287,0.135,2021
Bulgaria,5.266,1.181,1.055,0.583,0.494,0.125,0.005,2021
Maldives,5.198,1.115,1.015,0.697,0.575,0.204,0.073,2021
Azerbaijan,5.171,1.025,0.841,0.541,0.526,0.043,0.276,2021
Cameroon,5.142,0.543,0.556,0.159,0.425,0.205,0.058,2021
Senegal,5.132,0.518,0.558,0.357,0.381,0.158,0.088,2021
Albania,5.117,1.008,0.529,0.646,0.491,0.168,0.024,2021
North Macedonia,5.101,1.068,0.772,0.535,0.45,0.212,0.022,2021
Ghana,5.088,0.68,0.595,0.287,0.517,0.268,0.058,2021
Niger,5.074,0.162,0.402,0.167,0.516,0.2,0.157,2021
Turkmenistan,5.066,1.046,1.172,0.439,0.602,0.366,0.033,2021
Gambia,5.051,0.367,0.511,0.21,0.384,0.465,0.123,2021
Benin,5.045,0.507,0.058,0.196,0.457,0.166,0.178,2021
Laos,5.03,0.808,0.598,0.33,0.643,0.268,0.179,2021
Bangladesh,5.025,0.635,0.52,0.514,0.603,0.161,0.164,2021
Guinea,4.984,0.42,0.399,0.206,0.384,0.25,0.111,2021
South Africa,4.956,0.967,0.895,0.265,0.447,0.144,0.051,2021
Turkey,4.948,1.26,0.809,0.59,0.236,0.097,0.104,2021
Pakistan,4.934,0.637,0.423,0.322,0.418,0.252,0.097,2021
Morocco,4.918,0.792,0.219,0.558,0.477,0.034,0.088,2021
Venezuela,4.892,0.852,0.897,0.574,0.284,0.078,0.072,2021
Georgia,4.891,1.03,0.47,0.498,0.488,0.032,0.181,2021
Algeria,4.887,0.946,0.765,0.552,0.119,0.144,0.12,2021
Ukraine,4.875,0.979,0.958,0.517,0.417,0.181,0.01,2021
Iraq,4.854,0.91,0.638,0.381,0.302,0.153,0.041,2021
Gabon,4.852,1.037,0.707,0.362,0.424,0.058,0.064,2021
Burkina Faso,4.834,0.364,0.472,0.179,0.381,0.182,0.122,2021
Cambodia,4.83,0.603,0.68,0.426,0.702,0.21,0.061,2021
Mozambique,4.794,0.183,0.634,0.196,0.608,0.228,0.163,2021
Nigeria,4.759,0.663,0.625,0.051,0.433,0.212,0.039,2021
Mali,4.723,0.387,0.59,0.11,0.384,0.164,0.072,2021
Iran,4.721,1.03,0.557,0.561,0.275,0.33,0.144,2021
Uganda,4.636,0.364,0.718,0.24,0.398,0.267,0.054,2021
Liberia,4.625,0.228,0.58,0.253,0.43,0.221,0.057,2021
Kenya,4.607,0.603,0.508,0.385,0.483,0.375,0.073,2021
Tunisia,4.596,0.919,0.515,0.59,0.334,0.057,0.044,2021
Lebanon,4.584,1.045,0.868,0.595,0.175,0.14,0.026,2021
Namibia,4.574,0.882,0.801,0.262,0.411,0.091,0.059,2021
Palestinian Territories,4.517,0.646,0.819,0.434,0.33,0.082,0.075,2021
Myanmar,4.426,0.666,0.713,0.341,0.601,0.52,0.178,2021
Jordan,4.395,0.89,0.685,0.583,0.455,0.079,0.15,2021
Chad,4.355,0.255,0.353,0.0,0.24,0.215,0.084,2021
Sri Lanka,4.325,0.99,0.82,0.593,0.559,0.239,0.049,2021
Swaziland,4.308,0.849,0.693,0.074,0.323,0.067,0.147,2021
Comoros,4.289,0.488,0.367,0.279,0.202,0.241,0.101,2021
Egypt,4.283,0.954,0.647,0.426,0.446,0.069,0.092,2021
Ethiopia,4.275,0.37,0.679,0.331,0.451,0.241,0.114,2021
Mauritania,4.227,0.666,0.749,0.273,0.218,0.119,0.133,2021
Madagascar,4.208,0.266,0.503,0.341,0.207,0.185,0.087,2021
Togo,4.107,0.254,0.239,0.203,0.289,0.209,0.107,2021
Zambia,4.073,0.528,0.552,0.231,0.487,0.227,0.074,2021
Sierra Leone,3.849,0.279,0.377,0.1,0.408,0.243,0.047,2021
India,3.819,0.741,0.316,0.383,0.622,0.246,0.106,2021
Burundi,3.775,0.0,0.062,0.155,0.298,0.172,0.212,2021
Yemen,3.658,0.329,0.831,0.272,0.268,0.092,0.089,2021
Tanzania,3.623,0.433,0.54,0.3,0.549,0.307,0.231,2021
Haiti,3.615,0.294,0.173,0.227,0.257,0.463,0.139,2021
Malawi,3.6,0.113,0.168,0.298,0.484,0.213,0.134,2021
Lesotho,3.512,0.451,0.731,0.007,0.405,0.103,0.015,2021
Botswana,3.467,1.099,0.724,0.34,0.539,0.027,0.088,2021
Rwanda,3.415,0.364,0.202,0.407,0.627,0.227,0.493,2021
Zimbabwe,3.145,0.457,0.649,0.243,0.359,0.157,0.075,2021
Afghanistan,2.523,0.37,0.0,0.126,0.0,0.122,0.01,2021
Finland,7.821,1.892,1.258,0.775,0.736,0.109,0.534,2022
Denmark,7.636,1.953,1.243,0.777,0.719,0.188,0.532,2022
Iceland,7.557,1.936,1.32,0.803,0.718,0.27,0.191,2022
Switzerland,7.512,2.026,1.226,0.822,0.677,0.147,0.461,2022
Netherlands,7.415,1.945,1.206,0.787,0.651,0.271,0.419,2022
Luxembourg*,7.404,2.209,1.155,0.79,0.7,0.12,0.388,2022
Sweden,7.384,1.92,1.204,0.803,0.724,0.218,0.512,2022
Norway,7.365,1.997,1.239,0.786,0.728,0.217,0.474,2022
Israel,7.364,1.826,1.221,0.818,0.568,0.155,0.143,2022
New Zealand,7.2,1.852,1.235,0.752,0.68,0.245,0.483,2022
Austria,7.163,1.931,1.165,0.774,0.623,0.193,0.329,2022
Australia,7.162,1.9,1.203,0.772,0.676,0.258,0.341,2022
Ireland,7.041,2.129,1.166,0.779,0.627,0.19,0.408,2022
Germany,7.034,1.924,1.088,0.776,0.585,0.163,0.358,2022
Canada,7.025,1.886,1.188,0.783,0.659,0.217,0.368,2022
United States,6.977,1.982,1.182,0.628,0.574,0.22,0.177,2022
United Kingdom,6.943,1.867,1.143,0.75,0.597,0.289,0.329,2022
Czechia,6.92,1.815,1.26,0.715,0.66,0.158,0.048,2022
Belgium,6.805,1.907,1.106,0.764,0.492,0.049,0.204,2022
France,6.687,1.863,1.219,0.808,0.567,0.07,0.266,2022
Bahrain,6.647,1.854,1.029,0.625,0.693,0.199,0.155,2022
Slovenia,6.63,1.81,1.249,0.769,0.685,0.118,0.115,2022
Costa Rica,6.582,1.584,1.054,0.744,0.661,0.089,0.102,2022
United Arab Emirates,6.576,1.998,0.98,0.633,0.702,0.204,0.25,2022
Saudi Arabia,6.523,1.87,1.092,0.577,0.651,0.078,0.18,2022
Taiwan Province of China,6.512,1.897,1.095,0.733,0.542,0.075,0.168,2022
Singapore,6.48,2.149,1.127,0.851,0.672,0.163,0.587,2022
Romania,6.477,1.719,1.006,0.655,0.605,0.039,0.006,2022
Spain,6.476,1.808,1.211,0.808,0.505,0.101,0.149,2022
Uruguay,6.474,1.615,1.18,0.672,0.665,0.103,0.265,2022
Italy,6.467,1.834,1.052,0.801,0.412,0.085,0.059,2022
Kosovo,6.455,1.362,0.949,0.569,0.599,0.309,0.035,2022
Malta,6.447,1.838,1.169,0.789,0.679,0.174,0.166,2022
Lithuania,6.446,1.804,1.204,0.659,0.496,0.053,0.077,2022
Slovakia,6.391,1.736,1.232,0.707,0.479,0.118,0.025,2022
Estonia,6.341,1.793,1.232,0.728,0.689,0.123,0.333,2022
Panama,6.309,1.715,1.107,0.709,0.592,0.049,0.051,2022
Brazil,6.293,1.462,1.044,0.615,0.546,0.131,0.134,2022
Guatemala*,6.262,1.274,0.831,0.522,0.662,0.112,0.115,2022
Kazakhstan,6.234,1.668,1.22,0.611,0.584,0.134,0.157,2022
Cyprus,6.221,1.815,0.909,0.819,0.448,0.123,0.062,2022
Latvia,6.18,1.732,1.221,0.637,0.502,0.075,0.09,2022
Serbia,6.178,1.55,1.086,0.658,0.546,0.219,0.088,2022
Chile,6.172,1.651,1.08,0.748,0.46,0.124,0.069,2022
Nicaragua,6.165,1.105,1.029,0.617,0.617,0.168,0.212,2022
Mexico,6.128,1.552,0.886,0.623,0.621,0.092,0.115,2022
Croatia,6.125,1.705,1.183,0.709,0.535,0.109,0.0,2022
Poland,6.123,1.758,1.174,0.712,0.523,0.124,0.14,2022
El Salvador,6.12,1.265,0.768,0.607,0.666,0.089,0.212,2022
Kuwait*,6.106,1.904,0.983,0.747,0.617,0.087,0.147,2022
Hungary,6.086,1.748,1.233,0.668,0.485,0.078,0.064,2022
Mauritius,6.071,1.591,1.116,0.568,0.589,0.131,0.107,2022
Uzbekistan,6.063,1.219,1.092,0.6,0.716,0.283,0.24,2022
Japan,6.039,1.835,1.089,0.866,0.537,0.007,0.218,2022
Honduras,6.022,1.111,0.885,0.555,0.582,0.202,0.076,2022
Portugal,6.016,1.76,1.078,0.777,0.655,0.016,0.039,2022
Argentina,5.967,1.592,1.102,0.662,0.555,0.081,0.085,2022
Greece,5.948,1.703,0.98,0.774,0.249,0.015,0.108,2022
South Korea,5.935,1.851,0.886,0.841,0.414,0.111,0.176,2022
Philippines,5.904,1.268,0.912,0.514,0.678,0.107,0.142,2022
Thailand,5.891,1.535,1.096,0.697,0.617,0.321,0.026,2022
Moldova,5.857,1.417,1.008,0.597,0.561,0.102,0.028,2022
Jamaica,5.85,1.296,1.045,0.646,0.567,0.08,0.053,2022
Kyrgyzstan,5.828,1.069,1.109,0.638,0.693,0.208,0.025,2022
Belarus*,5.821,1.562,1.157,0.629,0.342,0.04,0.282,2022
Colombia,5.781,1.452,0.929,0.72,0.545,0.087,0.077,2022
Bosnia and Herzegovina,5.768,1.468,1.068,0.665,0.448,0.244,0.006,2022
Mongolia,5.761,1.393,1.197,0.467,0.398,0.247,0.059,2022
Dominican Republic,5.737,1.538,1.003,0.577,0.606,0.084,0.179,2022
Malaysia,5.711,1.689,0.938,0.62,0.654,0.213,0.126,2022
Bolivia,5.6,1.256,0.88,0.555,0.627,0.112,0.064,2022
China,5.585,1.508,0.958,0.705,0.656,0.099,0.142,2022
Paraguay,5.578,1.409,1.13,0.624,0.629,0.171,0.059,2022
Peru,5.559,1.397,0.865,0.735,0.545,0.09,0.037,2022
Montenegro,5.547,1.573,1.023,0.659,0.46,0.135,0.077,2022
Ecuador,5.533,1.352,0.879,0.708,0.565,0.08,0.083,2022
Vietnam,5.485,1.252,0.932,0.611,0.707,0.143,0.105,2022
Turkmenistan*,5.474,1.484,1.319,0.516,0.649,0.314,0.032,2022
North Cyprus*,5.467,1.815,0.888,0.819,0.523,0.13,0.213,2022
Russia,5.459,1.685,1.095,0.586,0.401,0.117,0.08,2022
Hong Kong S.A.R. of China,5.425,1.957,0.954,0.942,0.4,0.147,0.383,2022
Armenia,5.399,1.434,0.82,0.668,0.558,0.054,0.21,2022
Tajikistan,5.377,0.966,1.005,0.518,0.572,0.118,0.304,2022
Nepal,5.377,0.984,0.784,0.499,0.519,0.237,0.13,2022
Bulgaria,5.371,1.625,1.163,0.64,0.563,0.123,0.021,2022
Libya*,5.33,1.476,0.943,0.606,0.477,0.106,0.179,2022
Indonesia,5.24,1.382,0.883,0.539,0.62,0.468,0.047,2022
Ivory Coast,5.235,1.094,0.442,0.322,0.451,0.149,0.124,2022
North Macedonia,5.199,1.505,0.863,0.637,0.488,0.215,0.031,2022
Albania,5.199,1.439,0.646,0.719,0.511,0.138,0.028,2022
South Africa,5.194,1.425,1.088,0.361,0.442,0.089,0.046,2022
Azerbaijan*,5.173,1.458,1.093,0.56,0.601,0.023,0.341,2022
Gambia*,5.164,0.785,0.621,0.369,0.367,0.388,0.103,2022
Bangladesh,5.155,1.06,0.614,0.581,0.622,0.125,0.187,2022
Laos,5.14,1.239,0.654,0.479,0.679,0.197,0.184,2022
Algeria,5.122,1.363,0.97,0.643,0.146,0.106,0.15,2022
Liberia*,5.122,0.636,0.67,0.309,0.405,0.178,0.08,2022
Ukraine,5.084,1.411,1.081,0.583,0.473,0.188,0.017,2022
Congo,5.075,0.95,0.405,0.355,0.431,0.13,0.146,2022
Morocco,5.06,1.208,0.268,0.565,0.492,0.02,0.102,2022
Mozambique,5.048,0.578,0.66,0.191,0.593,0.185,0.2,2022
Cameroon,5.048,0.968,0.672,0.317,0.397,0.152,0.074,2022
Senegal,5.046,0.933,0.53,0.447,0.494,0.143,0.081,2022
Niger*,5.003,0.57,0.56,0.326,0.571,0.165,0.145,2022
Georgia,4.973,1.467,0.612,0.595,0.508,0.0,0.208,2022
Gabon,4.958,1.459,0.738,0.396,0.343,0.032,0.099,2022
Iraq,4.941,1.289,0.682,0.554,0.328,0.147,0.046,2022
Venezuela,4.925,0.0,0.968,0.578,0.283,0.225,0.082,2022
Guinea,4.891,0.848,0.566,0.275,0.334,0.214,0.116,2022
Iran,4.888,1.41,0.741,0.642,0.281,0.241,0.146,2022
Ghana,4.872,1.112,0.595,0.409,0.5,0.23,0.056,2022
Turkey,4.744,1.707,0.865,0.702,0.209,0.087,0.115,2022
Burkina Faso,4.67,0.779,0.565,0.32,0.382,0.186,0.126,2022
Cambodia,4.64,1.019,0.732,0.505,0.74,0.166,0.068,2022
Benin,4.623,0.932,0.064,0.335,0.479,0.127,0.23,2022
Comoros*,4.609,0.899,0.476,0.424,0.185,0.195,0.125,2022
Uganda,4.603,0.777,0.875,0.418,0.402,0.222,0.066,2022
Nigeria,4.552,1.079,0.732,0.3,0.444,0.175,0.038,2022
Kenya,4.543,1.032,0.605,0.401,0.44,0.322,0.082,2022
Tunisia,4.516,1.35,0.596,0.656,0.316,0.029,0.029,2022
Pakistan,4.516,1.049,0.413,0.374,0.448,0.181,0.112,2022
Palestinian Territories*,4.483,1.148,0.957,0.521,0.336,0.073,0.079,2022
Mali,4.479,0.792,0.483,0.311,0.35,0.128,0.042,2022
Namibia,4.459,1.292,0.877,0.354,0.384,0.067,0.071,2022
"Eswatini, Kingdom of*",4.396,1.274,0.786,0.197,0.259,0.038,0.154,2022
Myanmar,4.394,1.038,0.829,0.491,0.513,0.452,0.194,2022
Sri Lanka,4.362,1.415,0.934,0.66,0.529,0.15,0.079,2022
Madagascar*,4.339,0.67,0.645,0.378,0.202,0.143,0.154,2022
Egypt,4.288,1.388,0.732,0.548,0.469,0.041,0.254,2022
Chad*,4.251,0.662,0.506,0.225,0.18,0.182,0.077,2022
Ethiopia,4.241,0.788,0.809,0.457,0.472,0.205,0.136,2022
Yemen*,4.197,0.691,1.043,0.384,0.33,0.09,0.098,2022
Mauritania*,4.153,1.1,0.865,0.45,0.304,0.088,0.138,2022
Jordan,4.152,1.324,0.724,0.675,0.476,0.058,0.2,2022
Togo,4.112,0.771,0.322,0.36,0.292,0.174,0.132,2022
India,3.777,1.167,0.376,0.471,0.647,0.198,0.123,2022
Zambia,3.76,0.93,0.577,0.306,0.525,0.203,0.083,2022
Malawi,3.75,0.648,0.279,0.388,0.477,0.14,0.157,2022
Tanzania,3.702,0.848,0.597,0.425,0.578,0.248,0.27,2022
Sierra Leone,3.574,0.686,0.416,0.273,0.387,0.202,0.055,2022
Lesotho*,3.512,0.839,0.848,0.0,0.419,0.076,0.018,2022
Botswana*,3.471,1.503,0.815,0.28,0.571,0.012,0.102,2022
Rwanda*,3.268,0.785,0.133,0.462,0.621,0.187,0.544,2022
Zimbabwe,2.995,0.947,0.69,0.27,0.329,0.106,0.105,2022
Lebanon,2.955,1.392,0.498,0.631,0.103,0.082,0.034,2022
Afghanistan,2.404,0.758,0.0,0.289,0.0,0.089,0.005,2022
Finland,7.804,1.888,1.585,0.535,0.772,0.126,0.535,2023
Denmark,7.586,1.949,1.548,0.537,0.734,0.208,0.525,2023
Iceland,7.53,1.926,1.62,0.559,0.738,0.25,0.187,2023
Israel,7.473,1.833,1.521,0.577,0.569,0.124,0.158,2023
Netherlands,7.403,1.942,1.488,0.545,0.672,0.251,0.394,2023
Sweden,7.395,1.921,1.51,0.562,0.754,0.225,0.52,2023
Norway,7.315,1.994,1.521,0.544,0.752,0.212,0.463,2023
Switzerland,7.24,2.022,1.463,0.582,0.678,0.151,0.475,2023
Luxembourg,7.228,2.2,1.357,0.549,0.71,0.149,0.418,2023
New Zealand,7.123,1.842,1.544,0.513,0.672,0.23,0.471,2023
Austria,7.097,1.927,1.382,0.535,0.63,0.191,0.31,2023
Australia,7.095,1.899,1.497,0.532,0.677,0.242,0.31,2023
Canada,6.961,1.881,1.484,0.541,0.656,0.218,0.364,2023
Ireland,6.911,2.152,1.425,0.539,0.656,0.186,0.409,2023
United States,6.894,1.98,1.46,0.39,0.557,0.21,0.172,2023
Germany,6.892,1.919,1.401,0.539,0.618,0.153,0.365,2023
Belgium,6.859,1.907,1.449,0.528,0.59,0.137,0.273,2023
Czechia,6.845,1.823,1.544,0.477,0.693,0.158,0.05,2023
United Kingdom,6.796,1.857,1.366,0.511,0.626,0.272,0.34,2023
Lithuania,6.763,1.808,1.511,0.432,0.487,0.059,0.089,2023
France,6.661,1.856,1.433,0.566,0.582,0.083,0.27,2023
Slovenia,6.65,1.815,1.539,0.532,0.707,0.144,0.113,2023
Costa Rica,6.609,1.587,1.34,0.503,0.683,0.099,0.116,2023
Romania,6.589,1.726,1.28,0.423,0.631,0.044,0.0,2023
Singapore,6.587,2.168,1.354,0.607,0.66,0.17,0.561,2023
United Arab Emirates,6.571,2.015,1.223,0.401,0.745,0.188,0.247,2023
Taiwan Province of China,6.535,1.89,1.372,0.492,0.562,0.067,0.178,2023
Uruguay,6.494,1.617,1.445,0.435,0.683,0.102,0.254,2023
Slovakia,6.469,1.731,1.544,0.472,0.494,0.128,0.022,2023
Saudi Arabia,6.463,1.861,1.37,0.351,0.682,0.093,0.17,2023
Estonia,6.455,1.798,1.526,0.494,0.728,0.153,0.372,2023
Spain,6.436,1.798,1.491,0.567,0.533,0.101,0.157,2023
Italy,6.405,1.832,1.365,0.559,0.438,0.097,0.063,2023
Kosovo,6.368,1.374,1.269,0.372,0.639,0.275,0.045,2023
Chile,6.334,1.645,1.384,0.511,0.546,0.131,0.076,2023
Mexico,6.33,1.55,1.169,0.389,0.632,0.086,0.115,2023
Malta,6.3,1.841,1.468,0.547,0.671,0.2,0.143,2023
Panama,6.265,1.714,1.402,0.475,0.63,0.065,0.036,2023
Poland,6.26,1.767,1.474,0.477,0.511,0.12,0.139,2023
Nicaragua,6.259,1.109,1.292,0.385,0.66,0.148,0.218,2023
Latvia,6.213,1.737,1.505,0.405,0.58,0.107,0.071,2023
Bahrain,6.173,1.883,1.269,0.389,0.748,0.199,0.138,2023
Guatemala,6.15,1.287,1.188,0.31,0.631,0.106,0.066,2023
Kazakhstan,6.144,1.664,1.491,0.389,0.628,0.136,0.149,2023
Serbia,6.144,1.552,1.343,0.424,0.617,0.246,0.081,2023
Cyprus,6.13,1.824,1.224,0.58,0.455,0.104,0.05,2023
Japan,6.129,1.825,1.396,0.622,0.556,0.009,0.207,2023
Croatia,6.125,1.727,1.455,0.475,0.5,0.087,0.003,2023
Brazil,6.125,1.454,1.25,0.387,0.558,0.131,0.137,2023
El Salvador,6.122,1.278,1.044,0.383,0.713,0.079,0.222,2023
Hungary,6.041,1.754,1.519,0.435,0.501,0.105,0.065,2023
Argentina,6.024,1.59,1.388,0.427,0.587,0.088,0.082,2023
Honduras,6.023,1.115,1.072,0.341,0.613,0.189,0.062,2023
Uzbekistan,6.014,1.227,1.347,0.375,0.74,0.26,0.208,2023
Malaysia,6.012,1.665,1.155,0.385,0.659,0.222,0.122,2023
Portugal,5.968,1.758,1.356,0.537,0.693,0.031,0.037,2023
South Korea,5.951,1.853,1.188,0.603,0.446,0.112,0.163,2023
Greece,5.931,1.708,1.247,0.535,0.248,0.008,0.097,2023
Mauritius,5.902,1.589,1.382,0.336,0.574,0.121,0.11,2023
Thailand,5.843,1.515,1.344,0.461,0.624,0.291,0.013,2023
Mongolia,5.84,1.379,1.494,0.244,0.425,0.239,0.058,2023
Kyrgyzstan,5.825,1.061,1.439,0.417,0.735,0.234,0.018,2023
Moldova,5.819,1.425,1.302,0.375,0.61,0.093,0.02,2023
China,5.818,1.51,1.249,0.468,0.666,0.115,0.145,2023
Vietnam,5.763,1.349,1.212,0.381,0.741,0.134,0.122,2023
Paraguay,5.738,1.428,1.427,0.392,0.678,0.148,0.062,2023
Montenegro,5.722,1.537,1.385,0.424,0.563,0.17,0.061,2023
Jamaica,5.703,1.305,1.329,0.411,0.587,0.079,0.039,2023
Bolivia,5.684,1.24,1.187,0.329,0.648,0.103,0.06,2023
Russia,5.661,1.68,1.383,0.366,0.449,0.12,0.091,2023
Bosnia and Herzegovina,5.633,1.467,1.361,0.429,0.485,0.247,0.008,2023
Colombia,5.63,1.455,1.213,0.486,0.562,0.08,0.068,2023
Dominican Republic,5.569,1.536,1.227,0.351,0.623,0.083,0.195,2023
Ecuador,5.559,1.343,1.173,0.476,0.56,0.079,0.069,2023
Peru,5.526,1.39,1.153,0.499,0.549,0.073,0.027,2023
Philippines,5.523,1.238,1.108,0.286,0.714,0.104,0.141,2023
Bulgaria,5.466,1.635,1.457,0.408,0.557,0.106,0.013,2023
Nepal,5.36,0.979,1.027,0.281,0.567,0.215,0.104,2023
Armenia,5.342,1.466,1.134,0.443,0.551,0.053,0.16,2023
Tajikistan,5.33,0.972,1.248,0.291,0.599,0.104,0.292,2023
Algeria,5.329,1.353,1.298,0.409,0.252,0.073,0.152,2023
Hong Kong S.A.R. of China,5.308,1.951,1.201,0.702,0.407,0.123,0.39,2023
Albania,5.277,1.449,0.951,0.48,0.549,0.133,0.037,2023
Indonesia,5.277,1.384,1.169,0.314,0.663,0.422,0.038,2023
South Africa,5.275,1.417,1.428,0.149,0.464,0.09,0.019,2023
Congo (Brazzaville),5.267,0.921,0.665,0.145,0.464,0.134,0.136,2023
North Macedonia,5.254,1.498,1.171,0.408,0.515,0.207,0.02,2023
Venezuela,5.211,0.0,1.257,0.341,0.369,0.205,0.084,2023
Laos,5.111,1.232,0.853,0.257,0.715,0.185,0.162,2023
Georgia,5.109,1.477,0.947,0.366,0.539,0.0,0.201,2023
Guinea,5.072,0.844,0.776,0.072,0.369,0.204,0.102,2023
Ukraine,5.071,1.358,1.354,0.355,0.551,0.265,0.016,2023
Ivory Coast,5.053,1.094,0.584,0.12,0.467,0.138,0.131,2023
Gabon,5.035,1.438,1.021,0.183,0.346,0.036,0.102,2023
Nigeria,4.981,1.065,1.007,0.092,0.448,0.176,0.013,2023
Cameroon,4.973,0.965,0.871,0.118,0.405,0.144,0.059,2023
Mozambique,4.954,0.57,0.885,0.0,0.625,0.161,0.192,2023
Iraq,4.941,1.281,0.953,0.324,0.351,0.134,0.038,2023
State of Palestine,4.908,1.144,1.309,,0.416,0.065,0.067,2023
Morocco,4.903,1.236,0.535,0.337,0.54,0.013,0.085,2023
Iran,4.876,1.465,1.102,0.411,0.281,0.229,0.13,2023
Senegal,4.855,0.943,0.727,0.231,0.519,0.142,0.06,2023
Mauritania,4.724,1.099,0.764,0.244,0.32,0.13,0.195,2023
Burkina Faso,4.638,0.768,0.814,0.107,0.419,0.188,0.113,2023
Namibia,4.631,1.289,1.126,0.145,0.383,0.069,0.071,2023
Turkiye,4.614,1.714,1.148,0.467,0.125,0.095,0.096,2023
Ghana,4.605,1.101,0.756,0.197,0.526,0.211,0.035,2023
Pakistan,4.555,1.081,0.657,0.158,0.511,0.141,0.102,2023
Niger,4.501,0.561,0.628,0.137,0.54,0.154,0.14,2023
Tunisia,4.497,1.333,0.981,0.422,0.259,0.022,0.016,2023
Kenya,4.487,1.051,0.881,0.19,0.418,0.291,0.055,2023
Sri Lanka,4.442,1.422,1.224,0.426,0.539,0.12,0.086,2023
Uganda,4.432,0.785,1.144,0.201,0.425,0.197,0.051,2023
Chad,4.397,0.622,0.962,0.043,0.393,0.255,0.088,2023
Cambodia,4.393,1.025,1.024,0.283,0.768,0.176,0.051,2023
Benin,4.374,0.924,0.242,0.124,0.481,0.114,0.253,2023
Myanmar,4.372,1.032,1.125,0.269,0.46,0.4,0.194,2023
Bangladesh,4.282,1.133,0.513,0.355,0.617,0.139,0.165,2023
Gambia,4.279,0.761,0.614,0.174,0.286,0.332,0.033,2023
Mali,4.198,0.763,0.637,0.106,0.441,0.121,0.059,2023
Egypt,4.17,1.377,0.972,0.326,0.467,0.038,0.25,2023
Togo,4.137,0.77,0.642,0.161,0.367,0.149,0.136,2023
Jordan,4.12,1.292,0.98,0.438,0.517,0.056,0.173,2023
Ethiopia,4.091,0.793,1.114,0.25,0.451,0.283,0.101,2023
Liberia,4.042,0.628,0.644,0.141,0.471,0.219,0.071,2023
India,4.036,1.159,0.674,0.252,0.685,0.175,0.111,2023
Madagascar,4.019,0.632,0.779,0.178,0.187,0.177,0.134,2023
Zambia,3.982,0.914,0.89,0.095,0.545,0.189,0.08,2023
Tanzania,3.694,0.836,0.787,0.214,0.607,0.234,0.269,2023
Comoros,3.545,0.914,0.327,0.215,0.117,0.129,0.145,2023
Malawi,3.495,0.637,0.479,0.189,0.49,0.139,0.129,2023
Botswana,3.435,1.471,1.041,0.087,0.48,0.021,0.071,2023
Congo (Kinshasa),3.207,0.531,0.784,0.105,0.375,0.183,0.068,2023
Zimbabwe,3.204,0.758,0.881,0.069,0.363,0.112,0.117,2023
Sierra Leone,3.138,0.67,0.54,0.092,0.371,0.193,0.051,2023
Lebanon,2.392,1.417,0.476,0.398,0.123,0.061,0.027,2023
Afghanistan,1.859,0.645,0.0,0.087,0.0,0.093,0.059,2023
